"Temperature (degF)","Electrical Resistivity"
-100,0.670714795589447
70,0.999953627586365
200.170745849609,1.28299999237061
299.544677734375,1.50100004673004
400,1.70200002193451
500.341491699219,1.92499995231628
600,2.09100008010864
800,2.375
