"Temperature (degF)","Electrical Resistivity"
-58,0.6118951675
68,1
212,1.2923387095
302,1.475302419
392,1.6631804436
482,1.8465909088
572,2.0247695849
800,2.4511648743