"Temperature (degF)","Electrical Resistivity"
-58,0.72762646
68,1
212,1.2821011672
302,1.4582284279
392,1.6339169913
482,1.8120008189
572,1.9871108949
800,2.3970778974