"Temperature (degF)","Electrical Resistivity"
-58,0.7076438475
68,1
212,1.3485979843
302,1.6356541085
392,1.9227102327
482,2.3087638676
572,2.7044757962
800,3.5172665119