"Temperature (degF)","Electrical Resistivity"
-58,0.923064
68,1
212,1.08
302,1.126
347,1.147
392,1.168
437,1.188
482,1.207
527,1.227
572,1.246
800,1.3369666667