"Temperature (degF)","Electrical Resistivity"
-58,0.9210166667
68,1
212,1.0795
302,1.1258
392,1.1678
482,1.2075
572,1.2463
800,1.3337633333