"Temperature (degF)","Electrical Resistivity"
-100,0.906666696071625
68,1
800,1.40666663646698
