"Temperature (degF)","Electrical Resistivity"
-100,0.8753837169462443
0,0.9488095353690041
70,1
200,1.0819590267287549
400,1.194378763477776
600,1.2952170107461554
800,1.3840493044198368