"Battery Charge (%)","Cell Voltage (V)"
0,3.23000001907349
3.38563179969788,3.3199999332428
10.8133773803711,3.47000002861023
19.0999183654785,3.51999998092651
26.7341041564941,3.58999991416931
47.6796035766602,3.69000005722046
61.5111465454102,3.78999996185303
83.8687057495117,4
96.4079284667969,4.13000011444092
99.5458297729492,4.17999982833862
100,4.19999980926514
