"Temperature (degF)","Electrical Resistivity"
-100,0.620729565620422
0,0.827668190002441
70,1.00000202655792
200,1.31032371520996
400,1.9482262134552
600,2.82758593559265
800,3.51726627349854
