"Temperature (degF)","Electrical Resistivity"
-100,0.620689630508423
0,0.827586233615875
70,1
200,1.31034481525421
400,1.94827580451965
600,2.82758617401123
800,3.51724147796631
