"Temperature (degF)","Electrical Resistivity"
-100,0.698840856552124
0,0.876006782054901
70,1.00003480911255
200,1.23027944564819
400,1.58455216884613
600,1.93888401985168
800,2.29315662384033
