"Temperature (degF)","Electrical Resistivity"
-100,0.893702149391174
0,0.956318140029907
70,1
200,1.07169163227081
400,1.17003667354584
600,1.25565493106842
800,1.33229231834412
