"Temperature (degF)","Electrical Resistivity"
-100,0.875376343727112
0,0.948821783065796
70,1.00001227855682
200,1.08195650577545
400,1.19437777996063
600,1.29521703720093
800,1.38403940200806
