"Temperature (degF)","Electrical Resistivity"
-100,0.894801080226898
0,0.958857893943787
70,1.00001537799835
200,1.07216560840607
400,1.17024540901184
600,1.25681805610657
800,1.33548903465271
