"Temperature (degF)","Electrical Resistivity"
-100,0.869871139526367
0,0.946407437324524
70,0.999991416931152
200,1.09952294826508
400,1.25263845920563
600,1.40571105480194
800,1.55882656574249
