"Temperature (degF)","Electrical Resistivity"
-100,0.479572743177414
0,0.785706281661987
70,1
200,1.26196706295013
400,1.66913735866547
600,2.06751298904419
800,2.4361572265625
